sub,lLOC,lPPC_spaceloc,lAPC_spaceloc,lPPC_depthloc,lAPC_depthloc,lPPC_distloc,lAPC_distloc,lPPC_toolloc,lAPC_toolloc,rLOC,rPPC_spaceloc,rAPC_spaceloc,rPPC_depthloc,rAPC_depthloc,rPPC_distloc,rAPC_distloc,rPPC_toolloc,rAPC_toolloc
docnet2001,0.18,0.22000000000000003,0.2800000000000001,0.08,0.12,0.16,0.1,0.26,0.2,0.30000000000000004,0.3000000000000001,0.44000000000000006,0.24,0.18,0.24,0.32000000000000006,0.22000000000000003,0.27999999999999997
docnet2002,0.06000000000000001,0.14,0.16,0.26,0.14,0.32,0.12,0.22000000000000003,0.1,0.2,0.22000000000000003,0.28,0.22000000000000003,,0.3,0.26000000000000006,0.2,0.13999999999999999
docnet2003,0.34,,,,0.32,0.38000000000000006,0.32000000000000006,0.34,0.32,0.36,0.4999999999999999,0.38,0.62,0.36,0.45999999999999996,0.34,0.4600000000000001,0.38
docnet2005,0.24000000000000005,0.14,0.24000000000000005,,,0.16,0.18,0.28,0.13999999999999999,0.26,0.22000000000000003,0.2800000000000001,0.26000000000000006,,0.24,,0.26,0.22000000000000006
docnet2007,0.36,0.5,0.44000000000000006,,0.42000000000000004,0.5,0.44000000000000006,0.34,0.4,0.36,0.4000000000000001,0.32,,0.36,0.44000000000000006,0.18,,0.24
docnet2008,0.06000000000000001,,0.04,,,,,,,0.24000000000000005,0.26,0.32000000000000006,,,,0.22000000000000003,,
docnet2012,0.36,,,,,0.26,0.27999999999999997,,0.22000000000000003,0.14,0.08,0.18,,,0.08,0.12000000000000002,,
