sub,lLOC,lPPC_spaceloc,lAPC_spaceloc,lPPC_depthloc,lAPC_depthloc,lPPC_distloc,lAPC_distloc,lPPC_toolloc,lAPC_toolloc,rLOC,rPPC_spaceloc,rAPC_spaceloc,rPPC_depthloc,rAPC_depthloc,rPPC_distloc,rAPC_distloc,rPPC_toolloc,rAPC_toolloc
docnet2001,0.26,0.24000000000000005,0.32,0.32,0.1,0.3,0.1,0.36,0.30000000000000004,0.32,0.42000000000000004,0.4200000000000001,0.42000000000000004,0.3,0.28,0.4,0.28,0.42000000000000004
docnet2002,0.18000000000000002,0.13999999999999999,0.2,0.2,0.26000000000000006,0.34,0.2,0.22000000000000003,0.36,0.3000000000000001,0.33999999999999997,0.36,0.28,,0.36000000000000004,0.28,0.34,0.36
docnet2003,0.2800000000000001,,,,0.24000000000000005,0.38,0.34,0.24000000000000005,0.33999999999999997,0.42000000000000004,0.6,0.33999999999999997,0.5599999999999999,0.48,0.5199999999999999,0.5,0.5199999999999999,0.5799999999999998
docnet2005,0.06000000000000001,0.08,0.14,,,0.18000000000000002,0.08,0.19999999999999998,0.08,0.22000000000000006,0.18,0.08,0.16,,0.24000000000000005,,0.26,0.12000000000000002
docnet2007,0.32,0.44000000000000006,0.33999999999999997,,0.32,0.34,0.33999999999999997,0.24,0.26,0.32,0.36000000000000004,0.34,,0.30000000000000004,0.36,0.26,,0.34
docnet2008,0.14,,0.12,,,,,,,0.27999999999999997,0.32,0.36,,,,0.32000000000000006,,
docnet2012,0.4,,,,,0.26,0.3,,0.22000000000000006,0.13999999999999999,0.16,0.14,,,0.1,0.12,,
