sub,lLO_toolloc,lPFS_toolloc,lPPC_spaceloc,lAPC_spaceloc,lPPC_depthloc,lAPC_depthloc,lPPC_distloc,lAPC_distloc,lPPC_toolloc,lAPC_toolloc,rLO_toolloc,rPFS_toolloc,rPPC_spaceloc,rAPC_spaceloc,rPPC_depthloc,rAPC_depthloc,rPPC_distloc,rAPC_distloc,rPPC_toolloc,rAPC_toolloc
docnet2001,0.3500000000000001,0.22000000000000003,0.26000000000000006,0.24000000000000005,0.18000000000000002,0.05,0.30000000000000004,0.09,0.35,0.24000000000000005,0.2900000000000001,0.48,0.39,0.2700000000000001,0.11000000000000001,0.13000000000000003,0.31000000000000005,0.39,0.24000000000000005,0.030000000000000006
docnet2003,0.30000000000000004,0.2800000000000001,,,,0.32,0.4,0.37000000000000005,0.11000000000000001,0.15000000000000005,0.4200000000000001,0.15000000000000005,0.35,0.3000000000000001,0.33999999999999997,0.23000000000000004,0.2800000000000001,0.39,0.31000000000000005,0.16000000000000006
docnet2004,0.4800000000000001,0.20000000000000004,0.19,0.16000000000000003,,0.16,0.37000000000000005,0.18000000000000002,0.3,0.17,0.11000000000000001,0.16,0.30000000000000004,0.26000000000000006,,,0.35000000000000003,0.12000000000000002,0.44000000000000006,0.31000000000000005
docnet2005,0.2700000000000001,0.29000000000000004,0.17000000000000004,0.12000000000000002,,,0.12000000000000002,0.09,0.1,0.15000000000000005,0.14,0.17,0.23000000000000004,0.33,0.17,,0.30000000000000004,,0.18,0.15000000000000005
docnet2007,0.4200000000000001,0.08,0.37,0.23000000000000007,,0.25000000000000006,0.41,0.3,0.27,0.2900000000000001,0.2700000000000001,0.31000000000000005,0.45,0.3100000000000001,0.26,0.3600000000000001,0.62,0.14000000000000004,0.34,0.26000000000000006
docnet2008,0.2800000000000001,0.18,0.11000000000000003,0.05,,,,0.20000000000000004,,,0.15,0.2700000000000001,0.22000000000000006,0.26000000000000006,,,0.09,0.04,,
docnet2012,0.23000000000000004,0.18000000000000005,,,,0.09,0.13000000000000003,0.16999999999999998,0.09999999999999999,0.06000000000000001,0.34,0.21000000000000002,0.22000000000000003,0.32000000000000006,,0.15999999999999998,0.0,0.13,,
