sub,lLOC,lPPC_spaceloc,lAPC_spaceloc,lPPC_depthloc,lAPC_depthloc,lPPC_distloc,lAPC_distloc,lPPC_toolloc,lAPC_toolloc,rLOC,rPPC_spaceloc,rAPC_spaceloc,rPPC_depthloc,rAPC_depthloc,rPPC_distloc,rAPC_distloc,rPPC_toolloc,rAPC_toolloc
docnet2001,0.3000000000000001,0.39,0.48999999999999994,0.18000000000000002,0.27000000000000013,0.43,0.39,0.42000000000000004,0.36,0.38,0.36000000000000004,0.41000000000000003,0.36,0.3200000000000001,0.45,0.41000000000000003,0.3500000000000001,0.35000000000000003
docnet2003,0.35,,,,0.2700000000000001,0.35000000000000003,0.4,0.33000000000000007,0.29,0.32000000000000006,0.4600000000000001,0.4,0.5200000000000001,0.4600000000000001,0.53,0.38,0.42000000000000004,0.41000000000000003
docnet2004,0.36000000000000004,0.35000000000000003,0.2900000000000001,,0.18000000000000002,0.53,0.24000000000000005,0.47000000000000003,0.3500000000000001,0.15000000000000005,0.25,0.24,,,0.2700000000000001,0.24000000000000005,0.33000000000000007,0.2800000000000001
docnet2005,0.23000000000000004,0.12000000000000002,0.19,,,0.22000000000000003,0.16000000000000003,0.15000000000000002,0.21000000000000005,0.19000000000000003,0.20000000000000004,0.23000000000000004,0.21000000000000002,,0.13000000000000003,,0.15,0.14000000000000004
docnet2007,0.32000000000000006,0.2700000000000001,0.18000000000000002,,0.22000000000000003,0.49000000000000005,0.32,0.31000000000000005,0.16999999999999998,0.4,0.41,0.37000000000000005,0.3000000000000001,0.32000000000000006,0.4,0.28,0.33999999999999997,0.35000000000000003
docnet2008,0.2900000000000001,0.2,0.26000000000000006,,,,0.19000000000000003,,,0.29000000000000004,0.23000000000000004,0.14000000000000004,,,0.1,0.15000000000000002,,
docnet2012,0.2600000000000001,,,,0.19000000000000003,0.16,0.25000000000000006,0.18000000000000002,0.19,0.17,0.15000000000000002,0.21000000000000005,,0.12000000000000002,0.06,0.13000000000000003,,
