sub,dorsal_ventral
AC_newepoch,0.0437755390933168
AM,-0.00159816604219154
