sub,dorsal_ventral
,-0.00236618336364636
,-0.00272738481944668
