roi,skel,cornet_s,gbj,skel_se,cornet_s_se,gbj_se
lPPC_spaceloc,0.02412248540437869,-0.0969298193274901,-0.02954411521415691,0.0771920993751385,0.07838114224794407,0.06029172724715041
rPPC_spaceloc,0.32878119431862307,-0.015078580903299957,0.03941645861303221,0.07704331710323085,0.07730923643404948,0.060888350213767685
lAPC_spaceloc,0.03927248570655241,-0.04006315201916899,-0.06464325118051638,0.07738234189168346,0.07848547860070626,0.06056305764775807
rAPC_spaceloc,0.14185114201924673,-0.06942780576417373,-0.002464224819177914,0.07742220358613067,0.07810089410928242,0.06056324343702316
lLO_toolloc,0.17131370997594722,0.1353902170457396,-0.0046069262971458885,0.0774246345197532,0.0774083229987103,0.05963725679936701
rLO_toolloc,0.04225180028518296,0.12931166028460908,0.008300589746955175,0.07795744228371985,0.07876962342359414,0.06048887194551346
lPFS_toolloc,0.138296218845325,-0.060032338421529996,0.022474184154731763,0.07746714003994482,0.07851206805840565,0.060968852763381126
rPFS_toolloc,-0.10023711134320497,0.14099494412031643,0.01105579254702966,0.07693665102043853,0.0777424604166281,0.06070206600588609
